{"cameraMode":{"drawMode":0,"name":"Shaded","section":"Shading Mode"},"sceneLighting":false,"audioPlay":false,"sceneViewState":{"m_AlwaysRefresh":false,"showFog":true,"showSkybox":false,"showFlares":true,"showImageEffects":true,"showParticleSystems":true,"showVisualEffectGraphs":true,"m_FxEnabled":true},"in2DMode":false,"pivot":{"x":-1.130399465560913,"y":0.8310739994049072,"z":2.8364977836608888},"rotation":{"x":0.001154441968537867,"y":0.9966143369674683,"z":-0.0812111347913742,"w":0.014069143682718277},"size":0.2609088122844696,"orthographic":false}